title,company,location,categories,apply_link
Full Stack Developer (m/f/d),SocialHub,"Schütterlettenweg 4, 85053 Ingolstadt, Deutschland",N/A,https://weworkremotely.com/remote-jobs/socialhub-full-stack-developer-m-f-d
Full-Stack Developer (TypeScript/Next.js • Cloud),VidRush,UK,N/A,https://weworkremotely.com/remote-jobs/vidrush-full-stack-developer-typescript-next-js-cloud
Technical Lead,Walter,Remote,N/A,https://weworkremotely.com/remote-jobs/walter-technical-lead
Fullstack Engineer,Contra,"San Francisco, CA",N/A,https://weworkremotely.com/remote-jobs/contra-fullstack-engineer-2
Coding bootcamp - Job Guaranteed,Metana,"Learn job-ready skills on your schedule with 1-on-1 support & get a job, or your money back.",N/A,https://weworkremotely.comhttps://link.metana.io/weworkremotely
Senior TypeScript SDK Engineer,Nutrient,"Raleigh, NC, USA",N/A,https://weworkremotely.com/remote-jobs/nutrient-senior-typescript-sdk-engineer
Software engineer,Sticker Mule,"New York, NY",N/A,https://weworkremotely.com/remote-jobs/sticker-mule-software-engineer-1
[Electronic Music] Senior Full Stack Software Engineer,Proton,USA,N/A,https://weworkremotely.com/remote-jobs/proton-electronic-music-senior-full-stack-software-engineer
Node.js Backend Engineer,CloudDevs,San Francisco,N/A,https://weworkremotely.com/remote-jobs/clouddevs-node-js-backend-engineer
Senior Shopify Developer Remote,CloudDevs,San Francisco,N/A,https://weworkremotely.com/remote-jobs/clouddevs-senior-shopify-developer-remote
Full Stack Developer - YouTube Education Platform,Million View Club,Amsterdam,N/A,https://weworkremotely.com/remote-jobs/million-view-club-full-stack-developer-youtube-education-platform
AI-Focused Ruby on Rails Engineer,Rivo Commerce,United States,N/A,https://weworkremotely.com/remote-jobs/rivo-commerce-ai-focused-ruby-on-rails-engineer
"Senior Full-Stack Engineer — CRM Platform (Remote, High Ownership)",Tasty LLC,Tasty LLC,N/A,https://weworkremotely.com/remote-jobs/tasty-llc-senior-full-stack-engineer-crm-platform-remote-high-ownership
Senior Fullstack Developer,Zencastr,Zencastr,N/A,https://weworkremotely.com/remote-jobs/zencastr-senior-fullstack-developer
Technical Team Lead,Buckhill,Croatia/UK,N/A,https://weworkremotely.com/remote-jobs/buckhill-technical-team-lead
Senior DevSecOps Engineer - 90% remote with Security Clearance,OMW Consulting,Washington DC,N/A,https://weworkremotely.com/remote-jobs/omw-consulting-senior-devsecops-engineer-90-remote-with-security-clearance-5
Senior Shopify Developer (Remote + Flexible),Storetasker,"Brooklyn, NY",N/A,https://weworkremotely.com/remote-jobs/storetasker-senior-shopify-developer-remote-flexible-3
Data Center Infrastructure Manager (DCIM) - Remote with Security Clearance,M.C. Dean,Virginia,N/A,https://weworkremotely.com/remote-jobs/m-c-dean-data-center-infrastructure-manager-dcim-remote-with-security-clearance-3
Senior Webflow Developer / Full-Stack Web Developer (Contract),Trojan Holdings Limited,"Queenstown, New Zealand",N/A,https://weworkremotely.com/remote-jobs/trojan-holdings-limited-senior-webflow-developer-full-stack-web-developer-contract
Senior Full-Stack Developer,Kodify Media Group,"Barcelona, Spain",N/A,https://weworkremotely.com/remote-jobs/kodify-media-group-senior-full-stack-developer-5
Lead Software Engineer,Perfect (Stealth Technology Startup),"New York, NY",N/A,https://weworkremotely.com/remote-jobs/perfect-stealth-technology-startup-lead-software-engineer
Senior Full Stack Developer (Ruby on Rails / React),Shopra,Calgary Alberta Canada,N/A,https://weworkremotely.com/remote-jobs/shopra-senior-full-stack-developer-ruby-on-rails-react
Full Stack Developer,ClaimForge,"Boston, MA",N/A,https://weworkremotely.com/remote-jobs/claimforge-full-stack-developer
PHP/MySQL Web Developers (Mid-Level & Entry-Level),EmpowerDB,N/A,N/A,https://weworkremotely.com/remote-jobs/empowerdb-php-mysql-web-developers-mid-level-entry-level
acecompressionfittings.com Remote E-Commerce Manager (Shopify + ERP + Digital Campaigns),Ace Stainless Supply,"SANTA ANA, CA",N/A,https://weworkremotely.com/remote-jobs/ace-stainless-supply-acecompressionfittings-com-remote-e-commerce-manager-shopify-erp-digital-campaigns
PHP Engineer,MailerLite,USA,N/A,https://weworkremotely.com/remote-jobs/mailerlite-php-engineer-1
N/A,N/A,N/A,N/A,https://weworkremotely.com/categories/remote-full-stack-programming-jobs
Business Development Associate,Motu Novu Studio Legale STARL,Milan,N/A,https://weworkremotely.com/remote-jobs/motu-novu-studio-legale-starl-business-development-associate
Senior SEO,uSERP,"Lone Tree, Colorado",N/A,https://weworkremotely.com/remote-jobs/userp-senior-seo
Amazon Marketing Assistant - Part Time,Harkla,Boise,N/A,https://weworkremotely.com/remote-jobs/harkla-amazon-marketing-assistant-part-time
Part-Time Contract Marketing Specialist,Yoko Co,"McLean, VA",N/A,https://weworkremotely.com/remote-jobs/yoko-co-part-time-contract-marketing-specialist-1
Social Media Specialist,Cata-Kor,"Miami, FL",N/A,https://weworkremotely.com/remote-jobs/cata-kor-social-media-specialist
"Account Executive, Australia",Driversnote,Copenhagen,N/A,https://weworkremotely.com/remote-jobs/driversnote-account-executive-australia
Remote Inside Sales,Report Owl LLC,USA,N/A,https://weworkremotely.com/remote-jobs/report-owl-llc-remote-inside-sales-3
Remote Sales Representative - Work from home,Unload My Home,"Jacksonville, FL",N/A,https://weworkremotely.com/remote-jobs/unload-my-home-remote-sales-representative-work-from-home
Entry Level Sales (Remote) Position - TN statewide,Globe Life,Tennessee,N/A,https://weworkremotely.com/remote-jobs/globe-life-entry-level-sales-remote-position-tn-statewide-4
Business Development Representative - Digital Solutions (Remote),Roxtec Inc,Texas,N/A,https://weworkremotely.com/remote-jobs/roxtec-inc-business-development-representative-digital-solutions-remote
Customer onboarding manager,Confect,Denmark,N/A,https://weworkremotely.com/remote-jobs/confect-customer-onboarding-manager
Google Search Ads Specialist | Hiring ASAP,Brook Hiddink - Highticket.io,"Dubai, UAE",N/A,https://weworkremotely.com/remote-jobs/brook-hiddink-highticket-io-google-search-ads-specialist-hiring-asap-1
Vendor and Examination Management Officer (Possibly Remote),Civista Bank,Ohio,N/A,https://weworkremotely.com/remote-jobs/civista-bank-vendor-and-examination-management-officer-possibly-remote-3
NYS residents ONLY - Union Benefits Sales Rep - Remote Position,Moore Agencies,New York,N/A,https://weworkremotely.com/remote-jobs/moore-agencies-nys-residents-only-union-benefits-sales-rep-remote-position-6
$600/month full time – Long Term Only – USA timezone ONLY,Executive Bootcamp,Switzerland,N/A,https://weworkremotely.com/remote-jobs/executive-bootcamp-600-month-full-time-long-term-only-usa-timezone-only
Lead Distribution Sales Consultant - Supplemental Health Products - Remote,Mutual of Omaha,Nebraska,N/A,https://weworkremotely.com/remote-jobs/mutual-of-omaha-lead-distribution-sales-consultant-supplemental-health-products-remote-2
Senior Technical Programs Project Manager,Personified Tech,N/A,N/A,https://weworkremotely.com/remote-jobs/personified-tech-senior-technical-programs-project-manager
Amazon & Walmart PPC Advertising – Account Manager,Amazowl,"Dublin, Ireland",N/A,https://weworkremotely.com/remote-jobs/amazowl-amazon-walmart-ppc-advertising-account-manager
Sales Representative – Creative Coaching & Programs,Songwriting for Guitar,Nashville,N/A,https://weworkremotely.com/remote-jobs/songwriting-for-guitar-sales-representative-creative-coaching-programs
Blog Writer,Buy Shrooms,"Vancouver, Canada",N/A,https://weworkremotely.com/remote-jobs/buy-shrooms-blog-writer
Growth & Lifecycle Marketing Manager,The Awesome Company,"Los Angeles, California",N/A,https://weworkremotely.com/remote-jobs/the-awesome-company-growth-lifecycle-marketing-manager
Full-Cycle Sales & Success Manager at NovoxPod,Novoxpod,California,N/A,https://weworkremotely.com/remote-jobs/novoxpod-full-cycle-sales-success-manager-at-novoxpod
SEO / Growth Marketer: One-Person Lead Generation Army,Evaboot,N/A,N/A,https://weworkremotely.com/remote-jobs/evaboot-seo-growth-marketer-one-person-lead-generation-army
Sales Representative,Bluejay Labs,"Miami, FL",N/A,https://weworkremotely.com/remote-jobs/bluejay-labs-sales-representative
"Growth Marketing Contractor (B2B SaaS — Content, SEO, LinkedIn)",Candu,"London, UK",N/A,https://weworkremotely.com/remote-jobs/candu-growth-marketing-contractor-b2b-saas-content-seo-linkedin
N/A,N/A,N/A,N/A,https://weworkremotely.com/categories/remote-sales-and-marketing-jobs
Online English Teacher,Native Camp,Japan,N/A,https://weworkremotely.com/remote-jobs/native-camp-online-english-teacher-30
AI Trainer (Multiple Roles) [$50-$200/hr],Helix Recruit,USA,N/A,https://weworkremotely.com/remote-jobs/helix-recruit-ai-trainer-multiple-roles-50-200-hr-1
Strategic Advisor,NewtonX,"New York, NY",N/A,https://weworkremotely.com/remote-jobs/newtonx-strategic-advisor-1
Remote Sales Representative,UsedConex.com,"Tampa, FL",N/A,https://weworkremotely.com/remote-jobs/usedconex-com-remote-sales-representative-1
Hindi English Translator (Exclusive Role for Native Hindi Speakers Only),Hindi Translators Work (HTW),"Atlanta, GA.",N/A,https://weworkremotely.com/remote-jobs/hindi-translators-work-htw-hindi-english-translator-exclusive-role-for-native-hindi-speakers-only
Remote STEM & Generative AI Trainer (Native English Speakers Only),IntelliAssistant,California,N/A,https://weworkremotely.com/remote-jobs/intelliassistant-remote-stem-generative-ai-trainer-native-english-speakers-only
Freelance Writer,ProWriterSites,New York,N/A,https://weworkremotely.com/remote-jobs/prowritersites-freelance-writer
Lifecycle & Subscription Growth Manager,Curls Monthly,South Jersey,N/A,https://weworkremotely.com/remote-jobs/curls-monthly-lifecycle-subscription-growth-manager
Sr Database Administrator/Data Engineer,DistroKid,NYC,N/A,https://weworkremotely.com/remote-jobs/distrokid-sr-database-administrator-data-engineer
Billing Representative,Clipboard Health,California,N/A,https://weworkremotely.com/remote-jobs/clipboard-health-billing-representative
Internet Search Quality Rater - English (US),Welo Data,"New York, NY",N/A,https://weworkremotely.com/remote-jobs/welo-data-internet-search-quality-rater-english-us-1
Student Representatives,EDUopinions,Andorra,N/A,https://weworkremotely.com/remote-jobs/eduopinions-student-representatives-16
Languages teachers,AE Virtual Class S.A,Panama,N/A,https://weworkremotely.com/remote-jobs/ae-virtual-class-s-a-languages-teachers
Data Engineer,CloudDevs,San Francisco,N/A,https://weworkremotely.com/remote-jobs/clouddevs-data-engineer
Remote Administrative Assistant,NoGigiddy,"Atlanta, Georgia",N/A,https://weworkremotely.com/remote-jobs/nogigiddy-remote-administrative-assistant-3
Senior Design Engineer – Surface Modeling & Thermoforming Tooling,Coach and Equipment,Penn Yan New York,N/A,https://weworkremotely.com/remote-jobs/coach-and-equipment-senior-design-engineer-surface-modeling-thermoforming-tooling
Head of Platform Engineering,Paymentology,London,N/A,https://weworkremotely.com/remote-jobs/paymentology-head-of-platform-engineering
Remote Data Entry Clerk,NoGigiddy,"Atlanta, Georgia",N/A,https://weworkremotely.com/remote-jobs/nogigiddy-remote-data-entry-clerk-5
FT/PT Remote AI Prompt Engineering & Evaluation - Will Train,DataAnnotation.tech,"New York, NY",N/A,https://weworkremotely.com/remote-jobs/dataannotation-tech-ft-pt-remote-ai-prompt-engineering-evaluation-will-train
Senior Machine Learning Engineer,Zencastr,Zencastr,N/A,https://weworkremotely.com/remote-jobs/zencastr-senior-machine-learning-engineer
Freelance Writer | $45/hr,Helix Recruit,USA,N/A,https://weworkremotely.com/remote-jobs/helix-recruit-freelance-writer-45-hr
Travel Advisor / Travel Agent,JZW Travel,West Chester Pennsylvania,N/A,https://weworkremotely.com/remote-jobs/jzw-travel-travel-advisor-travel-agent
Part-time Personalized Internet Assessor - German (DE),TELUS Digital,2251 SOUTH DECATUR BLVD LAS VEGAS NV 89102,N/A,https://weworkremotely.com/remote-jobs/telus-digital-part-time-personalized-internet-assessor-german-de
Cloud Security Engineer,XM,Cyprus or Remote,N/A,https://weworkremotely.com/remote-jobs/xm-cloud-security-engineer
Global Support Services Engineer,TRT Solutions Limited,TRT Solutions Limited,N/A,https://weworkremotely.com/remote-jobs/trt-solutions-limited-global-support-services-engineer
N/A,N/A,N/A,N/A,https://weworkremotely.com/categories/all-other-remote-jobs
Senior Backend Engineer - Full Remote,Zencastr,Zencastr,N/A,https://weworkremotely.com/remote-jobs/zencastr-senior-backend-engineer-full-remote
Forward Deployed Backend Software Engineer,H2Corporation,"Tokyo, Japan",N/A,https://weworkremotely.com/remote-jobs/h2corporation-forward-deployed-backend-software-engineer
AI Engineer (Agentic AI & Video Processing),Vidrush,UK,N/A,https://weworkremotely.com/remote-jobs/vidrush-ai-engineer-agentic-ai-video-processing
Ruby on Rails Developer,OnTheGoSystems,100% remote,N/A,https://weworkremotely.com/remote-jobs/onthegosystems-ruby-on-rails-developer-10
Senior Software Engineer - Backend/Python - USA Only (100% Remote),Close,USA,N/A,https://weworkremotely.com/remote-jobs/close-senior-software-engineer-backend-python-usa-only-100-remote-1
Senior Backend Engineer,Proton.ai,"Cambridge, MA",N/A,https://weworkremotely.com/remote-jobs/proton-ai-senior-backend-engineer
Google Tag Manager and Analytics Expert,Spiralyze,"Atlanta, Georgia",N/A,https://weworkremotely.com/remote-jobs/spiralyze-google-tag-manager-and-analytics-expert-1
Senior Backend Developer (Python),Proxify AB,Sweden,N/A,https://weworkremotely.com/remote-jobs/proxify-ab-senior-backend-developer-python-2
Senior Golang Developer,Proxify AB,Sweden,N/A,https://weworkremotely.com/remote-jobs/proxify-ab-senior-golang-developer-3
Backend Engineer,Search Atlas - Advanced SEO Software,"New York, NY",N/A,https://weworkremotely.com/remote-jobs/search-atlas-advanced-seo-software-backend-engineer-2
Head of Software Engineering,Search Atlas - Advanced SEO Software,"New York, NY",N/A,https://weworkremotely.com/remote-jobs/search-atlas-advanced-seo-software-head-of-software-engineering-1
Head of Software Engineering,Search Atlas - Advanced SEO Software,"New York, NY",N/A,https://weworkremotely.com/remote-jobs/search-atlas-advanced-seo-software-head-of-software-engineering
Scala Developer (Mid-Level),Samsung Food,UK,N/A,https://weworkremotely.com/remote-jobs/samsung-food-scala-developer-mid-level
Mid/Senior AI Engineer (Remote - Worldwide),EverAI,Malta,N/A,https://weworkremotely.com/remote-jobs/everai-mid-senior-ai-engineer-remote-worldwide
"Senior Software Engineer, AI Model serving",Speechify Inc,Florida,N/A,https://weworkremotely.com/remote-jobs/speechify-inc-senior-software-engineer-ai-model-serving
"Chat Support Agent (Remote) - Entry Level, No Degree Required - 15 - 18 per Hour",NoGigiddy,"Atlanta, Georgia",N/A,https://weworkremotely.com/remote-jobs/nogigiddy-chat-support-agent-remote-entry-level-no-degree-required-15-18-5
Remote Customer Support - $20/hr - United States,Remote Talent Cloud,"Cheyenne, WY",N/A,https://weworkremotely.com/remote-jobs/remote-talent-cloud-remote-customer-support-20-hr-united-states
Maintenance Coordinator,Real Property Management Sunstate,Real Property Management Sunstate,N/A,https://weworkremotely.com/remote-jobs/real-property-management-sunstate-maintenance-coordinator
Customer Engagement Expert,ActivEngage,"Maitland, FL",N/A,https://weworkremotely.com/remote-jobs/activengage-customer-engagement-expert-1
Senior Account Manager,Madeo,"Brooklyn, NY",N/A,https://weworkremotely.com/remote-jobs/madeo-senior-account-manager
Client Support Specialist (Healthcare Facilities - B2B),Clipboard Health,California,N/A,https://weworkremotely.com/remote-jobs/clipboard-health-client-support-specialist-healthcare-facilities-b2b-1
Experienced Account Manager for B2B SaaS,Chargeback,Sweden/Dubai,N/A,https://weworkremotely.com/remote-jobs/chargeback-experienced-account-manager-for-b2b-saas-1
"Monitoring & Customer Communication GERMAN & FRENCH (100% Remote, Part-Time)",Lightup Network Solutions GmbH & Co. KG,"Frankfurt, Germany",N/A,https://weworkremotely.com/remote-jobs/lightup-network-solutions-gmbh-co-kg-monitoring-customer-communication-german-french-100
Entry-Level Account Manager,NoGigiddy,"Atlanta, Georgia",N/A,https://weworkremotely.com/remote-jobs/nogigiddy-entry-level-account-manager-3
Remote Customer Success Specialist,NoGigiddy,"Atlanta, Georgia",N/A,https://weworkremotely.com/remote-jobs/nogigiddy-remote-customer-success-specialist-5
"Live Technical Support Representative — full time, requires weekend (Sat + Sun) — $40,000 / year + benefits (Locations: California, Idaho, Oregon, Texas, or Washington)",Porkbun,Oregon USA,N/A,https://weworkremotely.com/remote-jobs/porkbun-live-technical-support-representative-full-time-requires-weekend-sat-sun-40-000
Remote Customer Service Rep Up to 19hour No Degree Needed,NoGigiddy,"Atlanta, Georgia",N/A,https://weworkremotely.com/remote-jobs/nogigiddy-remote-customer-service-rep-up-to-19hour-no-degree-needed-1
Work From Home Travel Booking Agent,HB Travels,Massachusetts,N/A,https://weworkremotely.com/remote-jobs/hb-travels-work-from-home-travel-booking-agent-2
Merchant Support Specialist - Americas,Zapiet,United Kingdom,N/A,https://weworkremotely.com/remote-jobs/zapiet-merchant-support-specialist-americas
Customer Support Specialist | Crypto iGaming Platform,Whale Season,Costa Rica,N/A,https://weworkremotely.com/remote-jobs/whale-season-customer-support-specialist-crypto-igaming-platform
Guest Care Associate,"Neighborhood Hosts, Inc",NYC,N/A,https://weworkremotely.com/remote-jobs/neighborhood-hosts-inc-guest-care-associate-1
Online Sales Manager,RedFox Agency,London,N/A,https://weworkremotely.com/remote-jobs/redfox-agency-online-sales-manager
Customer Service & Sales Specialist,J&S Transportation,"Billings, Montana USA",N/A,https://weworkremotely.com/remote-jobs/j-s-transportation-customer-service-sales-specialist-1
Customer Care,Hublead,Paris,N/A,https://weworkremotely.com/remote-jobs/hublead-customer-care
Account Manager,SiteCare,"LaGrange, Georgia",N/A,https://weworkremotely.com/remote-jobs/sitecare-account-manager
Benefits Enrollment Representative – Remote,Working Solutions,Texas,N/A,https://weworkremotely.com/remote-jobs/working-solutions-benefits-enrollment-representative-remote
Vice President of Engineering (USA),H2Corporation,"Tokyo, Japan",N/A,https://weworkremotely.com/remote-jobs/h2corporation-vice-president-of-engineering-usa
Head of Product,Toggl,"Tallinn, Estonia",N/A,https://weworkremotely.com/remote-jobs/toggl-head-of-product
Product Manager (m/f/d) (Remote – CET ±4h),SocialHub,"Schütterlettenweg 4, 85053 Ingolstadt, Deutschland",N/A,https://weworkremotely.com/remote-jobs/socialhub-product-manager-m-f-d-remote-cet-4h
Product Manager AI desktop app - 100% remote,M3 Software Solutions,"San Francisco, California",N/A,https://weworkremotely.com/remote-jobs/m3-software-solutions-product-manager-ai-desktop-app-100-remote
"Product Owner (Part-Time, Web App-Savvy) at Paperbell",Paperbell,UK,N/A,https://weworkremotely.com/remote-jobs/paperbell-product-owner-part-time-web-app-savvy-at-paperbell
QA Analyst,Wealthbox CRM,Remote,N/A,https://weworkremotely.com/remote-jobs/wealthbox-crm-qa-analyst
Senior Independent Product Manager/Product Designer ($90-$170/hr),A.Team,"NYC, SF, and TLV",N/A,https://weworkremotely.com/remote-jobs/a-team-senior-independent-product-manager-product-designer-90-170-hr
[Remote] Supply Chain Coordinator - Cosmetics & Perfumes eCommerce-Full time,Orca International,Switzerland,N/A,https://weworkremotely.com/remote-jobs/orca-international-remote-supply-chain-coordinator-cosmetics-perfumes-ecommerce-full-time
Product Manager with PPC Marketing Experience,ClickGUARD Inc.,America,N/A,https://weworkremotely.com/remote-jobs/clickguard-inc-product-manager-with-ppc-marketing-experience-2
DevOps Engineer (GCP Focused),Walter,Remote,N/A,https://weworkremotely.com/remote-jobs/walter-devops-engineer-gcp-focused
Site Reliability Engineer with Node.js,Kodify Media Group,"Barcelona, Spain",N/A,https://weworkremotely.com/remote-jobs/kodify-media-group-site-reliability-engineer-with-node-js
Senior DevOps Engineer (AWS),Proxify AB,Sweden,N/A,https://weworkremotely.com/remote-jobs/proxify-ab-senior-devops-engineer-aws-2
Executive Assistant ( Music & Touring ),Windcatcher Production INC,Toronto,N/A,https://weworkremotely.com/remote-jobs/windcatcher-production-inc-executive-assistant-music-touring
Senior Executive Assistant to the CEO,Harkla,Boise,N/A,https://weworkremotely.com/remote-jobs/harkla-senior-executive-assistant-to-the-ceo
Staff Accountant (AP/AR Specialist),Walter,Remote,N/A,https://weworkremotely.com/remote-jobs/walter-staff-accountant-ap-ar-specialist
Revenue Manager,Big Bear Vacations,"Big Bear Lake, California, USA",N/A,https://weworkremotely.com/remote-jobs/big-bear-vacations-revenue-manager
"General Manager / Operational Lead (Telecommunications, 100% Remote)",Lightup Network Solutions GmbH & Co. KG,"Frankfurt, Germany",N/A,https://weworkremotely.com/remote-jobs/lightup-network-solutions-gmbh-co-kg-general-manager-operational-lead-telecommunications-100-remote
Marketing Project Manager (Agency Experience Preferred),Sweat Pants Agency,"Montreal, Quebec, Canada",N/A,https://weworkremotely.com/remote-jobs/sweat-pants-agency-marketing-project-manager-agency-experience-preferred
Bilingual Credit Counselor (Spanish),Navicore Solutions,N/A,N/A,https://weworkremotely.com/remote-jobs/navicore-solutions-bilingual-credit-counselor-spanish
Stock & Options Trader – Remote,Maverick Trading,"Salt Lake City, UT, USA",N/A,https://weworkremotely.com/remote-jobs/maverick-trading-stock-options-trader-remote-1
"Tech + Ops Specialist (No-Code Automations, Full-Stack, Go High Level, EA Support)",Salt Cinema,"Lehi, Utah",N/A,https://weworkremotely.com/remote-jobs/salt-cinema-tech-ops-specialist-no-code-automations-full-stack-go-high-level-ea-support
"Assistant Trader (Remote, Full Training Provided)",Apollo LTD,Apollo LTD,N/A,https://weworkremotely.com/remote-jobs/apollo-ltd-assistant-trader-remote-full-training-provided
Marketing Automation SaaS + Services Line of Business Owner,New Law Business Model,"Boulder, CO",N/A,https://weworkremotely.com/remote-jobs/new-law-business-model-marketing-automation-saas-services-line-of-business-owner
Work Order Coordinator,Big Bear Vacations,"Big Bear Lake, California, USA",N/A,https://weworkremotely.com/remote-jobs/big-bear-vacations-work-order-coordinator-1
Forex & Crypto Trader – Remote,Maverick Trading,"Salt Lake City, UT, USA",N/A,https://weworkremotely.com/remote-jobs/maverick-trading-forex-crypto-trader-remote
Multilingual Finance Expert - German/Italian/Spanish/Portuguese/Japanese,Benture,United States,N/A,https://weworkremotely.com/remote-jobs/benture-multilingual-finance-expert-german-italian-spanish-portuguese-japanese
Expat Tax Engagement Manager,Bright!Tax Expat Tax Services,"New York, NY",N/A,https://weworkremotely.com/remote-jobs/bright-tax-expat-tax-services-expat-tax-engagement-manager
(2025) Tax Executive / Senior Tax Executive (Full-Time / Remote Work),Cabin,Malaysia,N/A,https://weworkremotely.com/remote-jobs/cabin-2025-tax-executive-senior-tax-executive-full-time-remote-work
Content Production Resource Manager,REGEX SEO,"Mexico City, Mexico",N/A,https://weworkremotely.com/remote-jobs/regex-seo-content-production-resource-manager
Marketing Resource Manager,REGEX SEO,"Mexico City, Mexico",N/A,https://weworkremotely.com/remote-jobs/regex-seo-marketing-resource-manager
"COO For 7 Fig Ecom Brand Incubator & Marketing Agency – 120K-240K base, up to 500K/yr",AICOMMERCE GROUP,UAE,N/A,https://weworkremotely.com/remote-jobs/aicommerce-group-coo-for-7-fig-ecom-brand-incubator-marketing-agency-120k-240k-base
General Manager,RapidSeedbox Ltd,100% Remote,N/A,https://weworkremotely.com/remote-jobs/rapidseedbox-ltd-general-manager
Lead Product Designer - Automations & Integrations,Close,USA,N/A,https://weworkremotely.com/remote-jobs/close-lead-product-designer-automations-integrations
Senior Art Director,Ketone-IQ,"Los Angeles, CA, USA",N/A,https://weworkremotely.com/remote-jobs/ketone-iq-senior-art-director
Senior Graphic Designer (Europe),Lemon.io,"New York, NY",N/A,https://weworkremotely.com/remote-jobs/lemon-io-senior-graphic-designer-europe
UI/UX Designer,Spiralyze,"Atlanta, Georgia",N/A,https://weworkremotely.com/remote-jobs/spiralyze-ui-ux-designer-1
UX/UI Designer (remote),Starvox Entertainment,"Toronto, Canada",N/A,https://weworkremotely.com/remote-jobs/starvox-entertainment-ux-ui-designer-remote
Remote Scheduling/Calendar Assistant,Howie AI,"Seattle, WA",N/A,https://weworkremotely.com/remote-jobs/howie-ai-remote-scheduling-calendar-assistant-1
"UX/UI Designer – Remote (Full-Time, Offshore)",Ontraccr Technologies,"Vancouver, Canada",N/A,https://weworkremotely.com/remote-jobs/ontraccr-technologies-ux-ui-designer-remote-full-time-offshore
CRO Man (Conversion Rate Optimization Specialist),Headlight Glasses LLC,"Georgetown, Texas",N/A,https://weworkremotely.com/remote-jobs/headlight-glasses-llc-cro-man-conversion-rate-optimization-specialist
Graphic Designer/Social Media Manager,BBE Marketing Inc,"Hurst, TX",N/A,https://weworkremotely.com/remote-jobs/bbe-marketing-inc-graphic-designer-social-media-manager
Frontend Engineer,Mobena,"New York, NY",N/A,https://weworkremotely.com/remote-jobs/mobena-frontend-engineer
Senior React Native Developer,Proxify AB,Sweden,N/A,https://weworkremotely.com/remote-jobs/proxify-ab-senior-react-native-developer-5
"Tech Lead, Web Core Product & Chrome Extension",Speechify Inc,Florida,N/A,https://weworkremotely.com/remote-jobs/speechify-inc-tech-lead-web-core-product-chrome-extension
"Software Engineer, iOS Core Product",Speechify Inc,Florida,N/A,https://weworkremotely.com/remote-jobs/speechify-inc-software-engineer-ios-core-product
Full Stack Developer (m/f/d),SocialHub,"Schütterlettenweg 4, 85053 Ingolstadt, Deutschland",N/A,https://weworkremotely.com/remote-jobs/socialhub-full-stack-developer-m-f-d
Full-Stack Developer (TypeScript/Next.js • Cloud),VidRush,UK,N/A,https://weworkremotely.com/remote-jobs/vidrush-full-stack-developer-typescript-next-js-cloud
Technical Lead,Walter,Remote,N/A,https://weworkremotely.com/remote-jobs/walter-technical-lead
Fullstack Engineer,Contra,"San Francisco, CA",N/A,https://weworkremotely.com/remote-jobs/contra-fullstack-engineer-2
Coding bootcamp - Job Guaranteed,Metana,"Learn job-ready skills on your schedule with 1-on-1 support & get a job, or your money back.",N/A,https://weworkremotely.comhttps://link.metana.io/weworkremotely
Senior TypeScript SDK Engineer,Nutrient,"Raleigh, NC, USA",N/A,https://weworkremotely.com/remote-jobs/nutrient-senior-typescript-sdk-engineer
Software engineer,Sticker Mule,"New York, NY",N/A,https://weworkremotely.com/remote-jobs/sticker-mule-software-engineer-1
[Electronic Music] Senior Full Stack Software Engineer,Proton,USA,N/A,https://weworkremotely.com/remote-jobs/proton-electronic-music-senior-full-stack-software-engineer
Node.js Backend Engineer,CloudDevs,San Francisco,N/A,https://weworkremotely.com/remote-jobs/clouddevs-node-js-backend-engineer
Senior Shopify Developer Remote,CloudDevs,San Francisco,N/A,https://weworkremotely.com/remote-jobs/clouddevs-senior-shopify-developer-remote
Full Stack Developer - YouTube Education Platform,Million View Club,Amsterdam,N/A,https://weworkremotely.com/remote-jobs/million-view-club-full-stack-developer-youtube-education-platform
AI-Focused Ruby on Rails Engineer,Rivo Commerce,United States,N/A,https://weworkremotely.com/remote-jobs/rivo-commerce-ai-focused-ruby-on-rails-engineer
"Senior Full-Stack Engineer — CRM Platform (Remote, High Ownership)",Tasty LLC,Tasty LLC,N/A,https://weworkremotely.com/remote-jobs/tasty-llc-senior-full-stack-engineer-crm-platform-remote-high-ownership
Senior Fullstack Developer,Zencastr,Zencastr,N/A,https://weworkremotely.com/remote-jobs/zencastr-senior-fullstack-developer
Technical Team Lead,Buckhill,Croatia/UK,N/A,https://weworkremotely.com/remote-jobs/buckhill-technical-team-lead
Senior DevSecOps Engineer - 90% remote with Security Clearance,OMW Consulting,Washington DC,N/A,https://weworkremotely.com/remote-jobs/omw-consulting-senior-devsecops-engineer-90-remote-with-security-clearance-5
Senior Shopify Developer (Remote + Flexible),Storetasker,"Brooklyn, NY",N/A,https://weworkremotely.com/remote-jobs/storetasker-senior-shopify-developer-remote-flexible-3
Data Center Infrastructure Manager (DCIM) - Remote with Security Clearance,M.C. Dean,Virginia,N/A,https://weworkremotely.com/remote-jobs/m-c-dean-data-center-infrastructure-manager-dcim-remote-with-security-clearance-3
Senior Webflow Developer / Full-Stack Web Developer (Contract),Trojan Holdings Limited,"Queenstown, New Zealand",N/A,https://weworkremotely.com/remote-jobs/trojan-holdings-limited-senior-webflow-developer-full-stack-web-developer-contract
Senior Full-Stack Developer,Kodify Media Group,"Barcelona, Spain",N/A,https://weworkremotely.com/remote-jobs/kodify-media-group-senior-full-stack-developer-5
Lead Software Engineer,Perfect (Stealth Technology Startup),"New York, NY",N/A,https://weworkremotely.com/remote-jobs/perfect-stealth-technology-startup-lead-software-engineer
Senior Full Stack Developer (Ruby on Rails / React),Shopra,Calgary Alberta Canada,N/A,https://weworkremotely.com/remote-jobs/shopra-senior-full-stack-developer-ruby-on-rails-react
Full Stack Developer,ClaimForge,"Boston, MA",N/A,https://weworkremotely.com/remote-jobs/claimforge-full-stack-developer
PHP/MySQL Web Developers (Mid-Level & Entry-Level),EmpowerDB,N/A,N/A,https://weworkremotely.com/remote-jobs/empowerdb-php-mysql-web-developers-mid-level-entry-level
acecompressionfittings.com Remote E-Commerce Manager (Shopify + ERP + Digital Campaigns),Ace Stainless Supply,"SANTA ANA, CA",N/A,https://weworkremotely.com/remote-jobs/ace-stainless-supply-acecompressionfittings-com-remote-e-commerce-manager-shopify-erp-digital-campaigns
PHP Engineer,MailerLite,USA,N/A,https://weworkremotely.com/remote-jobs/mailerlite-php-engineer-1
N/A,N/A,N/A,N/A,https://weworkremotely.com/categories/remote-full-stack-programming-jobs
Business Development Associate,Motu Novu Studio Legale STARL,Milan,N/A,https://weworkremotely.com/remote-jobs/motu-novu-studio-legale-starl-business-development-associate
Senior SEO,uSERP,"Lone Tree, Colorado",N/A,https://weworkremotely.com/remote-jobs/userp-senior-seo
Amazon Marketing Assistant - Part Time,Harkla,Boise,N/A,https://weworkremotely.com/remote-jobs/harkla-amazon-marketing-assistant-part-time
Part-Time Contract Marketing Specialist,Yoko Co,"McLean, VA",N/A,https://weworkremotely.com/remote-jobs/yoko-co-part-time-contract-marketing-specialist-1
Social Media Specialist,Cata-Kor,"Miami, FL",N/A,https://weworkremotely.com/remote-jobs/cata-kor-social-media-specialist
"Account Executive, Australia",Driversnote,Copenhagen,N/A,https://weworkremotely.com/remote-jobs/driversnote-account-executive-australia
Remote Inside Sales,Report Owl LLC,USA,N/A,https://weworkremotely.com/remote-jobs/report-owl-llc-remote-inside-sales-3
Remote Sales Representative - Work from home,Unload My Home,"Jacksonville, FL",N/A,https://weworkremotely.com/remote-jobs/unload-my-home-remote-sales-representative-work-from-home
Entry Level Sales (Remote) Position - TN statewide,Globe Life,Tennessee,N/A,https://weworkremotely.com/remote-jobs/globe-life-entry-level-sales-remote-position-tn-statewide-4
Business Development Representative - Digital Solutions (Remote),Roxtec Inc,Texas,N/A,https://weworkremotely.com/remote-jobs/roxtec-inc-business-development-representative-digital-solutions-remote
Customer onboarding manager,Confect,Denmark,N/A,https://weworkremotely.com/remote-jobs/confect-customer-onboarding-manager
Google Search Ads Specialist | Hiring ASAP,Brook Hiddink - Highticket.io,"Dubai, UAE",N/A,https://weworkremotely.com/remote-jobs/brook-hiddink-highticket-io-google-search-ads-specialist-hiring-asap-1
Vendor and Examination Management Officer (Possibly Remote),Civista Bank,Ohio,N/A,https://weworkremotely.com/remote-jobs/civista-bank-vendor-and-examination-management-officer-possibly-remote-3
NYS residents ONLY - Union Benefits Sales Rep - Remote Position,Moore Agencies,New York,N/A,https://weworkremotely.com/remote-jobs/moore-agencies-nys-residents-only-union-benefits-sales-rep-remote-position-6
$600/month full time – Long Term Only – USA timezone ONLY,Executive Bootcamp,Switzerland,N/A,https://weworkremotely.com/remote-jobs/executive-bootcamp-600-month-full-time-long-term-only-usa-timezone-only
Lead Distribution Sales Consultant - Supplemental Health Products - Remote,Mutual of Omaha,Nebraska,N/A,https://weworkremotely.com/remote-jobs/mutual-of-omaha-lead-distribution-sales-consultant-supplemental-health-products-remote-2
Senior Technical Programs Project Manager,Personified Tech,N/A,N/A,https://weworkremotely.com/remote-jobs/personified-tech-senior-technical-programs-project-manager
Amazon & Walmart PPC Advertising – Account Manager,Amazowl,"Dublin, Ireland",N/A,https://weworkremotely.com/remote-jobs/amazowl-amazon-walmart-ppc-advertising-account-manager
Sales Representative – Creative Coaching & Programs,Songwriting for Guitar,Nashville,N/A,https://weworkremotely.com/remote-jobs/songwriting-for-guitar-sales-representative-creative-coaching-programs
Blog Writer,Buy Shrooms,"Vancouver, Canada",N/A,https://weworkremotely.com/remote-jobs/buy-shrooms-blog-writer
Growth & Lifecycle Marketing Manager,The Awesome Company,"Los Angeles, California",N/A,https://weworkremotely.com/remote-jobs/the-awesome-company-growth-lifecycle-marketing-manager
Full-Cycle Sales & Success Manager at NovoxPod,Novoxpod,California,N/A,https://weworkremotely.com/remote-jobs/novoxpod-full-cycle-sales-success-manager-at-novoxpod
SEO / Growth Marketer: One-Person Lead Generation Army,Evaboot,N/A,N/A,https://weworkremotely.com/remote-jobs/evaboot-seo-growth-marketer-one-person-lead-generation-army
Sales Representative,Bluejay Labs,"Miami, FL",N/A,https://weworkremotely.com/remote-jobs/bluejay-labs-sales-representative
"Growth Marketing Contractor (B2B SaaS — Content, SEO, LinkedIn)",Candu,"London, UK",N/A,https://weworkremotely.com/remote-jobs/candu-growth-marketing-contractor-b2b-saas-content-seo-linkedin
N/A,N/A,N/A,N/A,https://weworkremotely.com/categories/remote-sales-and-marketing-jobs
Online English Teacher,Native Camp,Japan,N/A,https://weworkremotely.com/remote-jobs/native-camp-online-english-teacher-30
AI Trainer (Multiple Roles) [$50-$200/hr],Helix Recruit,USA,N/A,https://weworkremotely.com/remote-jobs/helix-recruit-ai-trainer-multiple-roles-50-200-hr-1
Strategic Advisor,NewtonX,"New York, NY",N/A,https://weworkremotely.com/remote-jobs/newtonx-strategic-advisor-1
Remote Sales Representative,UsedConex.com,"Tampa, FL",N/A,https://weworkremotely.com/remote-jobs/usedconex-com-remote-sales-representative-1
Hindi English Translator (Exclusive Role for Native Hindi Speakers Only),Hindi Translators Work (HTW),"Atlanta, GA.",N/A,https://weworkremotely.com/remote-jobs/hindi-translators-work-htw-hindi-english-translator-exclusive-role-for-native-hindi-speakers-only
Remote STEM & Generative AI Trainer (Native English Speakers Only),IntelliAssistant,California,N/A,https://weworkremotely.com/remote-jobs/intelliassistant-remote-stem-generative-ai-trainer-native-english-speakers-only
Freelance Writer,ProWriterSites,New York,N/A,https://weworkremotely.com/remote-jobs/prowritersites-freelance-writer
Lifecycle & Subscription Growth Manager,Curls Monthly,South Jersey,N/A,https://weworkremotely.com/remote-jobs/curls-monthly-lifecycle-subscription-growth-manager
Sr Database Administrator/Data Engineer,DistroKid,NYC,N/A,https://weworkremotely.com/remote-jobs/distrokid-sr-database-administrator-data-engineer
Billing Representative,Clipboard Health,California,N/A,https://weworkremotely.com/remote-jobs/clipboard-health-billing-representative
Internet Search Quality Rater - English (US),Welo Data,"New York, NY",N/A,https://weworkremotely.com/remote-jobs/welo-data-internet-search-quality-rater-english-us-1
Student Representatives,EDUopinions,Andorra,N/A,https://weworkremotely.com/remote-jobs/eduopinions-student-representatives-16
Languages teachers,AE Virtual Class S.A,Panama,N/A,https://weworkremotely.com/remote-jobs/ae-virtual-class-s-a-languages-teachers
Data Engineer,CloudDevs,San Francisco,N/A,https://weworkremotely.com/remote-jobs/clouddevs-data-engineer
Remote Administrative Assistant,NoGigiddy,"Atlanta, Georgia",N/A,https://weworkremotely.com/remote-jobs/nogigiddy-remote-administrative-assistant-3
Senior Design Engineer – Surface Modeling & Thermoforming Tooling,Coach and Equipment,Penn Yan New York,N/A,https://weworkremotely.com/remote-jobs/coach-and-equipment-senior-design-engineer-surface-modeling-thermoforming-tooling
Head of Platform Engineering,Paymentology,London,N/A,https://weworkremotely.com/remote-jobs/paymentology-head-of-platform-engineering
Remote Data Entry Clerk,NoGigiddy,"Atlanta, Georgia",N/A,https://weworkremotely.com/remote-jobs/nogigiddy-remote-data-entry-clerk-5
FT/PT Remote AI Prompt Engineering & Evaluation - Will Train,DataAnnotation.tech,"New York, NY",N/A,https://weworkremotely.com/remote-jobs/dataannotation-tech-ft-pt-remote-ai-prompt-engineering-evaluation-will-train
Senior Machine Learning Engineer,Zencastr,Zencastr,N/A,https://weworkremotely.com/remote-jobs/zencastr-senior-machine-learning-engineer
Freelance Writer | $45/hr,Helix Recruit,USA,N/A,https://weworkremotely.com/remote-jobs/helix-recruit-freelance-writer-45-hr
Travel Advisor / Travel Agent,JZW Travel,West Chester Pennsylvania,N/A,https://weworkremotely.com/remote-jobs/jzw-travel-travel-advisor-travel-agent
Part-time Personalized Internet Assessor - German (DE),TELUS Digital,2251 SOUTH DECATUR BLVD LAS VEGAS NV 89102,N/A,https://weworkremotely.com/remote-jobs/telus-digital-part-time-personalized-internet-assessor-german-de
Cloud Security Engineer,XM,Cyprus or Remote,N/A,https://weworkremotely.com/remote-jobs/xm-cloud-security-engineer
Global Support Services Engineer,TRT Solutions Limited,TRT Solutions Limited,N/A,https://weworkremotely.com/remote-jobs/trt-solutions-limited-global-support-services-engineer
N/A,N/A,N/A,N/A,https://weworkremotely.com/categories/all-other-remote-jobs
Senior Backend Engineer - Full Remote,Zencastr,Zencastr,N/A,https://weworkremotely.com/remote-jobs/zencastr-senior-backend-engineer-full-remote
Forward Deployed Backend Software Engineer,H2Corporation,"Tokyo, Japan",N/A,https://weworkremotely.com/remote-jobs/h2corporation-forward-deployed-backend-software-engineer
AI Engineer (Agentic AI & Video Processing),Vidrush,UK,N/A,https://weworkremotely.com/remote-jobs/vidrush-ai-engineer-agentic-ai-video-processing
Ruby on Rails Developer,OnTheGoSystems,100% remote,N/A,https://weworkremotely.com/remote-jobs/onthegosystems-ruby-on-rails-developer-10
Senior Software Engineer - Backend/Python - USA Only (100% Remote),Close,USA,N/A,https://weworkremotely.com/remote-jobs/close-senior-software-engineer-backend-python-usa-only-100-remote-1
Senior Backend Engineer,Proton.ai,"Cambridge, MA",N/A,https://weworkremotely.com/remote-jobs/proton-ai-senior-backend-engineer
Google Tag Manager and Analytics Expert,Spiralyze,"Atlanta, Georgia",N/A,https://weworkremotely.com/remote-jobs/spiralyze-google-tag-manager-and-analytics-expert-1
Senior Backend Developer (Python),Proxify AB,Sweden,N/A,https://weworkremotely.com/remote-jobs/proxify-ab-senior-backend-developer-python-2
Senior Golang Developer,Proxify AB,Sweden,N/A,https://weworkremotely.com/remote-jobs/proxify-ab-senior-golang-developer-3
Backend Engineer,Search Atlas - Advanced SEO Software,"New York, NY",N/A,https://weworkremotely.com/remote-jobs/search-atlas-advanced-seo-software-backend-engineer-2
Head of Software Engineering,Search Atlas - Advanced SEO Software,"New York, NY",N/A,https://weworkremotely.com/remote-jobs/search-atlas-advanced-seo-software-head-of-software-engineering-1
Head of Software Engineering,Search Atlas - Advanced SEO Software,"New York, NY",N/A,https://weworkremotely.com/remote-jobs/search-atlas-advanced-seo-software-head-of-software-engineering
Scala Developer (Mid-Level),Samsung Food,UK,N/A,https://weworkremotely.com/remote-jobs/samsung-food-scala-developer-mid-level
Mid/Senior AI Engineer (Remote - Worldwide),EverAI,Malta,N/A,https://weworkremotely.com/remote-jobs/everai-mid-senior-ai-engineer-remote-worldwide
"Senior Software Engineer, AI Model serving",Speechify Inc,Florida,N/A,https://weworkremotely.com/remote-jobs/speechify-inc-senior-software-engineer-ai-model-serving
"Chat Support Agent (Remote) - Entry Level, No Degree Required - 15 - 18 per Hour",NoGigiddy,"Atlanta, Georgia",N/A,https://weworkremotely.com/remote-jobs/nogigiddy-chat-support-agent-remote-entry-level-no-degree-required-15-18-5
Remote Customer Support - $20/hr - United States,Remote Talent Cloud,"Cheyenne, WY",N/A,https://weworkremotely.com/remote-jobs/remote-talent-cloud-remote-customer-support-20-hr-united-states
Maintenance Coordinator,Real Property Management Sunstate,Real Property Management Sunstate,N/A,https://weworkremotely.com/remote-jobs/real-property-management-sunstate-maintenance-coordinator
Customer Engagement Expert,ActivEngage,"Maitland, FL",N/A,https://weworkremotely.com/remote-jobs/activengage-customer-engagement-expert-1
Senior Account Manager,Madeo,"Brooklyn, NY",N/A,https://weworkremotely.com/remote-jobs/madeo-senior-account-manager
Client Support Specialist (Healthcare Facilities - B2B),Clipboard Health,California,N/A,https://weworkremotely.com/remote-jobs/clipboard-health-client-support-specialist-healthcare-facilities-b2b-1
Experienced Account Manager for B2B SaaS,Chargeback,Sweden/Dubai,N/A,https://weworkremotely.com/remote-jobs/chargeback-experienced-account-manager-for-b2b-saas-1
"Monitoring & Customer Communication GERMAN & FRENCH (100% Remote, Part-Time)",Lightup Network Solutions GmbH & Co. KG,"Frankfurt, Germany",N/A,https://weworkremotely.com/remote-jobs/lightup-network-solutions-gmbh-co-kg-monitoring-customer-communication-german-french-100
Entry-Level Account Manager,NoGigiddy,"Atlanta, Georgia",N/A,https://weworkremotely.com/remote-jobs/nogigiddy-entry-level-account-manager-3
Remote Customer Success Specialist,NoGigiddy,"Atlanta, Georgia",N/A,https://weworkremotely.com/remote-jobs/nogigiddy-remote-customer-success-specialist-5
"Live Technical Support Representative — full time, requires weekend (Sat + Sun) — $40,000 / year + benefits (Locations: California, Idaho, Oregon, Texas, or Washington)",Porkbun,Oregon USA,N/A,https://weworkremotely.com/remote-jobs/porkbun-live-technical-support-representative-full-time-requires-weekend-sat-sun-40-000
Remote Customer Service Rep Up to 19hour No Degree Needed,NoGigiddy,"Atlanta, Georgia",N/A,https://weworkremotely.com/remote-jobs/nogigiddy-remote-customer-service-rep-up-to-19hour-no-degree-needed-1
Work From Home Travel Booking Agent,HB Travels,Massachusetts,N/A,https://weworkremotely.com/remote-jobs/hb-travels-work-from-home-travel-booking-agent-2
Merchant Support Specialist - Americas,Zapiet,United Kingdom,N/A,https://weworkremotely.com/remote-jobs/zapiet-merchant-support-specialist-americas
Customer Support Specialist | Crypto iGaming Platform,Whale Season,Costa Rica,N/A,https://weworkremotely.com/remote-jobs/whale-season-customer-support-specialist-crypto-igaming-platform
Guest Care Associate,"Neighborhood Hosts, Inc",NYC,N/A,https://weworkremotely.com/remote-jobs/neighborhood-hosts-inc-guest-care-associate-1
Online Sales Manager,RedFox Agency,London,N/A,https://weworkremotely.com/remote-jobs/redfox-agency-online-sales-manager
Customer Service & Sales Specialist,J&S Transportation,"Billings, Montana USA",N/A,https://weworkremotely.com/remote-jobs/j-s-transportation-customer-service-sales-specialist-1
Customer Care,Hublead,Paris,N/A,https://weworkremotely.com/remote-jobs/hublead-customer-care
Account Manager,SiteCare,"LaGrange, Georgia",N/A,https://weworkremotely.com/remote-jobs/sitecare-account-manager
Benefits Enrollment Representative – Remote,Working Solutions,Texas,N/A,https://weworkremotely.com/remote-jobs/working-solutions-benefits-enrollment-representative-remote
Vice President of Engineering (USA),H2Corporation,"Tokyo, Japan",N/A,https://weworkremotely.com/remote-jobs/h2corporation-vice-president-of-engineering-usa
Head of Product,Toggl,"Tallinn, Estonia",N/A,https://weworkremotely.com/remote-jobs/toggl-head-of-product
Product Manager (m/f/d) (Remote – CET ±4h),SocialHub,"Schütterlettenweg 4, 85053 Ingolstadt, Deutschland",N/A,https://weworkremotely.com/remote-jobs/socialhub-product-manager-m-f-d-remote-cet-4h
Product Manager AI desktop app - 100% remote,M3 Software Solutions,"San Francisco, California",N/A,https://weworkremotely.com/remote-jobs/m3-software-solutions-product-manager-ai-desktop-app-100-remote
"Product Owner (Part-Time, Web App-Savvy) at Paperbell",Paperbell,UK,N/A,https://weworkremotely.com/remote-jobs/paperbell-product-owner-part-time-web-app-savvy-at-paperbell
QA Analyst,Wealthbox CRM,Remote,N/A,https://weworkremotely.com/remote-jobs/wealthbox-crm-qa-analyst
Senior Independent Product Manager/Product Designer ($90-$170/hr),A.Team,"NYC, SF, and TLV",N/A,https://weworkremotely.com/remote-jobs/a-team-senior-independent-product-manager-product-designer-90-170-hr
[Remote] Supply Chain Coordinator - Cosmetics & Perfumes eCommerce-Full time,Orca International,Switzerland,N/A,https://weworkremotely.com/remote-jobs/orca-international-remote-supply-chain-coordinator-cosmetics-perfumes-ecommerce-full-time
Product Manager with PPC Marketing Experience,ClickGUARD Inc.,America,N/A,https://weworkremotely.com/remote-jobs/clickguard-inc-product-manager-with-ppc-marketing-experience-2
DevOps Engineer (GCP Focused),Walter,Remote,N/A,https://weworkremotely.com/remote-jobs/walter-devops-engineer-gcp-focused
Site Reliability Engineer with Node.js,Kodify Media Group,"Barcelona, Spain",N/A,https://weworkremotely.com/remote-jobs/kodify-media-group-site-reliability-engineer-with-node-js
Senior DevOps Engineer (AWS),Proxify AB,Sweden,N/A,https://weworkremotely.com/remote-jobs/proxify-ab-senior-devops-engineer-aws-2
Executive Assistant ( Music & Touring ),Windcatcher Production INC,Toronto,N/A,https://weworkremotely.com/remote-jobs/windcatcher-production-inc-executive-assistant-music-touring
Senior Executive Assistant to the CEO,Harkla,Boise,N/A,https://weworkremotely.com/remote-jobs/harkla-senior-executive-assistant-to-the-ceo
Staff Accountant (AP/AR Specialist),Walter,Remote,N/A,https://weworkremotely.com/remote-jobs/walter-staff-accountant-ap-ar-specialist
Revenue Manager,Big Bear Vacations,"Big Bear Lake, California, USA",N/A,https://weworkremotely.com/remote-jobs/big-bear-vacations-revenue-manager
"General Manager / Operational Lead (Telecommunications, 100% Remote)",Lightup Network Solutions GmbH & Co. KG,"Frankfurt, Germany",N/A,https://weworkremotely.com/remote-jobs/lightup-network-solutions-gmbh-co-kg-general-manager-operational-lead-telecommunications-100-remote
Marketing Project Manager (Agency Experience Preferred),Sweat Pants Agency,"Montreal, Quebec, Canada",N/A,https://weworkremotely.com/remote-jobs/sweat-pants-agency-marketing-project-manager-agency-experience-preferred
Bilingual Credit Counselor (Spanish),Navicore Solutions,N/A,N/A,https://weworkremotely.com/remote-jobs/navicore-solutions-bilingual-credit-counselor-spanish
Stock & Options Trader – Remote,Maverick Trading,"Salt Lake City, UT, USA",N/A,https://weworkremotely.com/remote-jobs/maverick-trading-stock-options-trader-remote-1
"Tech + Ops Specialist (No-Code Automations, Full-Stack, Go High Level, EA Support)",Salt Cinema,"Lehi, Utah",N/A,https://weworkremotely.com/remote-jobs/salt-cinema-tech-ops-specialist-no-code-automations-full-stack-go-high-level-ea-support
"Assistant Trader (Remote, Full Training Provided)",Apollo LTD,Apollo LTD,N/A,https://weworkremotely.com/remote-jobs/apollo-ltd-assistant-trader-remote-full-training-provided
Marketing Automation SaaS + Services Line of Business Owner,New Law Business Model,"Boulder, CO",N/A,https://weworkremotely.com/remote-jobs/new-law-business-model-marketing-automation-saas-services-line-of-business-owner
Work Order Coordinator,Big Bear Vacations,"Big Bear Lake, California, USA",N/A,https://weworkremotely.com/remote-jobs/big-bear-vacations-work-order-coordinator-1
Forex & Crypto Trader – Remote,Maverick Trading,"Salt Lake City, UT, USA",N/A,https://weworkremotely.com/remote-jobs/maverick-trading-forex-crypto-trader-remote
Multilingual Finance Expert - German/Italian/Spanish/Portuguese/Japanese,Benture,United States,N/A,https://weworkremotely.com/remote-jobs/benture-multilingual-finance-expert-german-italian-spanish-portuguese-japanese
Expat Tax Engagement Manager,Bright!Tax Expat Tax Services,"New York, NY",N/A,https://weworkremotely.com/remote-jobs/bright-tax-expat-tax-services-expat-tax-engagement-manager
(2025) Tax Executive / Senior Tax Executive (Full-Time / Remote Work),Cabin,Malaysia,N/A,https://weworkremotely.com/remote-jobs/cabin-2025-tax-executive-senior-tax-executive-full-time-remote-work
Content Production Resource Manager,REGEX SEO,"Mexico City, Mexico",N/A,https://weworkremotely.com/remote-jobs/regex-seo-content-production-resource-manager
Marketing Resource Manager,REGEX SEO,"Mexico City, Mexico",N/A,https://weworkremotely.com/remote-jobs/regex-seo-marketing-resource-manager
"COO For 7 Fig Ecom Brand Incubator & Marketing Agency – 120K-240K base, up to 500K/yr",AICOMMERCE GROUP,UAE,N/A,https://weworkremotely.com/remote-jobs/aicommerce-group-coo-for-7-fig-ecom-brand-incubator-marketing-agency-120k-240k-base
General Manager,RapidSeedbox Ltd,100% Remote,N/A,https://weworkremotely.com/remote-jobs/rapidseedbox-ltd-general-manager
Lead Product Designer - Automations & Integrations,Close,USA,N/A,https://weworkremotely.com/remote-jobs/close-lead-product-designer-automations-integrations
Senior Art Director,Ketone-IQ,"Los Angeles, CA, USA",N/A,https://weworkremotely.com/remote-jobs/ketone-iq-senior-art-director
Senior Graphic Designer (Europe),Lemon.io,"New York, NY",N/A,https://weworkremotely.com/remote-jobs/lemon-io-senior-graphic-designer-europe
UI/UX Designer,Spiralyze,"Atlanta, Georgia",N/A,https://weworkremotely.com/remote-jobs/spiralyze-ui-ux-designer-1
UX/UI Designer (remote),Starvox Entertainment,"Toronto, Canada",N/A,https://weworkremotely.com/remote-jobs/starvox-entertainment-ux-ui-designer-remote
Remote Scheduling/Calendar Assistant,Howie AI,"Seattle, WA",N/A,https://weworkremotely.com/remote-jobs/howie-ai-remote-scheduling-calendar-assistant-1
"UX/UI Designer – Remote (Full-Time, Offshore)",Ontraccr Technologies,"Vancouver, Canada",N/A,https://weworkremotely.com/remote-jobs/ontraccr-technologies-ux-ui-designer-remote-full-time-offshore
CRO Man (Conversion Rate Optimization Specialist),Headlight Glasses LLC,"Georgetown, Texas",N/A,https://weworkremotely.com/remote-jobs/headlight-glasses-llc-cro-man-conversion-rate-optimization-specialist
Graphic Designer/Social Media Manager,BBE Marketing Inc,"Hurst, TX",N/A,https://weworkremotely.com/remote-jobs/bbe-marketing-inc-graphic-designer-social-media-manager
Frontend Engineer,Mobena,"New York, NY",N/A,https://weworkremotely.com/remote-jobs/mobena-frontend-engineer
Senior React Native Developer,Proxify AB,Sweden,N/A,https://weworkremotely.com/remote-jobs/proxify-ab-senior-react-native-developer-5
"Tech Lead, Web Core Product & Chrome Extension",Speechify Inc,Florida,N/A,https://weworkremotely.com/remote-jobs/speechify-inc-tech-lead-web-core-product-chrome-extension
"Software Engineer, iOS Core Product",Speechify Inc,Florida,N/A,https://weworkremotely.com/remote-jobs/speechify-inc-software-engineer-ios-core-product
