title,company,location,salary,apply_link
Job openings,Anchorage Digital,Remote,60000 - 120000,https://remoteOK.com/remote-jobs/remote-job-openings-anchorage-digital-1128214
Financial Copyeditor & Fact Checker,The Motley Fool,United States,0 - 0,https://remoteOK.com/remote-jobs/remote-financial-copyeditor-fact-checker-the-motley-fool-1128213
Sales Operations Analyst,Hometap,Remote,60000 - 90000,https://remoteOK.com/remote-jobs/remote-sales-operations-analyst-hometap-1128212
Information Security Analyst,Monzo,Cardiff London or  UK,40000 - 50000,https://remoteOK.com/remote-jobs/remote-information-security-analyst-monzo-1128211
Patient Engagement Specialist Temporary,Sprinter Health,Remote,0 - 0,https://remoteOK.com/remote-jobs/remote-patient-engagement-specialist-temporary-sprinter-health-1128209
Product Marketing Manager,Sei Labs,,0 - 0,https://remoteOK.com/remote-jobs/remote-product-marketing-manager-sei-labs-1128208
Talent Acquisition Specialist,Tradeify,Worldwide,0 - 0,https://remoteOK.com/remote-jobs/remote-talent-acquisition-specialist-tradeify-1128207
UX UI Specialist,Egen,Remote,0 - 0,https://remoteOK.com/remote-jobs/remote-ux-ui-specialist-egen-1128206
Software Engineer,Tech Solutions Inc.,San Francisco,80000 - 120000,https://remoteOK.com/remote-jobs/remote-software-engineer-tech-solutions-inc-1128205
SDE I Backend,Netomi,Remote - India,0 - 0,https://remoteOK.com/remote-jobs/remote-sde-i-backend-netomi-1128204
Machine Learning Engineer,Jobgether,United States,80000 - 120000,https://remoteOK.com/remote-jobs/remote-machine-learning-engineer-jobgether-1128203
Protocol Engineer,Magic,Remote - United States,0 - 0,https://remoteOK.com/remote-jobs/remote-protocol-engineer-magic-1128202
Job Title Here,Rula,Remote,50000 - 100000,https://remoteOK.com/remote-jobs/remote-job-title-here-rula-1128201
Executive Assistant,Typeface,Remote,60000 - 80000,https://remoteOK.com/remote-jobs/remote-executive-assistant-typeface-1128200
Careers,Versapay,,0 - 0,https://remoteOK.com/remote-jobs/remote-careers-versapay-1128196
Chinese LLM Evaluator,CrowdGen by Appen,Any,0 - 0,https://remoteOK.com/remote-jobs/remote-chinese-llm-evaluator-crowdgen-by-appen-1128195
Senior Application Engineer Python,Egen,Remote,0 - 0,https://remoteOK.com/remote-jobs/remote-senior-application-engineer-python-egen-1128194
Frontend Engineer,ZetaChain,Remote â Argentina & Latin America,0 - 0,https://remoteOK.com/remote-jobs/remote-frontend-engineer-zetachain-1128192
Senior Product Manager,DataKind,Remote,133000 - 155000,https://remoteOK.com/remote-jobs/remote-senior-product-manager-datakind-1128190
Sales Development Representative,Telgorithm,United States,0 - 0,https://remoteOK.com/remote-jobs/remote-sales-development-representative-telgorithm-1128189
Software Engineer II,Wealth.com,"Remote, United States",0 - 0,https://remoteOK.com/remote-jobs/remote-software-engineer-ii-wealth-com-1128188
Virtual Legal Assistant,Offshore Launch,Remote,0 - 0,https://remoteOK.com/remote-jobs/remote-virtual-legal-assistant-offshore-launch-1128187
Licensed Marriage and Family Therapist,Brave Health,,76000 - 84000,https://remoteOK.com/remote-jobs/remote-licensed-marriage-and-family-therapist-brave-health-1128186
Fullstack Engineer,Contra,,130000 - 160000,https://remoteOK.com/remote-jobs/remote-fullstack-engineer-contra-1128184
Senior Software Engineer Backend,Magic,Remote - United States,0 - 0,https://remoteOK.com/remote-jobs/remote-senior-software-engineer-backend-magic-1128183
Senior Water Wastewater Engineer,ERG,,0 - 0,https://remoteOK.com/remote-jobs/remote-senior-water-wastewater-engineer-erg-1128182
Senior AI Engineer Agentic,Cast AI,,0 - 0,https://remoteOK.com/remote-jobs/remote-senior-ai-engineer-agentic-cast-ai-1128181
Senior Software Development Engineer,Recharge,Remote,0 - 0,https://remoteOK.com/remote-jobs/remote-senior-software-development-engineer-recharge-1128180
Current openings,Runway,Remote,0 - 0,https://remoteOK.com/remote-jobs/remote-current-openings-runway-1128179
THE EMPLOYMENT CAREER NETWORK,Telegram,Remote,50000 - 100000,https://remoteOK.com/remote-jobs/remote-the-employment-career-network-telegram-1128178
Vulnerable Customer Adviser,Monzo,UK,24750 - 29625,https://remoteOK.com/remote-jobs/remote-vulnerable-customer-adviser-monzo-1128177
Software Engineer,Valinor,"New York, NY",0 - 0,https://remoteOK.com/remote-jobs/remote-software-engineer-valinor-1128176
Learning & Development Design Lead,Monzo,Cardiff London or  UK,43400 - 54850,https://remoteOK.com/remote-jobs/remote-learning-development-design-lead-monzo-1128175
Senior Software Engineer Backend,Superhuman,,0 - 0,https://remoteOK.com/remote-jobs/remote-senior-software-engineer-backend-superhuman-1128174
Video Editor,Tempo,,1500 - 2500,https://remoteOK.com/remote-jobs/remote-video-editor-tempo-1128173
FullâStack Software Engineer,Toku,,0 - 0,https://remoteOK.com/remote-jobs/remote-full-stack-software-engineer-toku-1128172
Software Engineer,Tech Innovations Inc.,San Francisco,80000 - 120000,https://remoteOK.com/remote-jobs/remote-software-engineer-tech-innovations-inc-1128171
Email Marketing Manager,AFAR,Remote,0 - 0,https://remoteOK.com/remote-jobs/remote-email-marketing-manager-afar-1128168
Chief Engineer Spacecraft,Terran Orbital Corporation,"Irvine, CA",100000 - 150000,https://remoteOK.com/remote-jobs/remote-chief-engineer-spacecraft-terran-orbital-corporation-1128167
Group Art Supervisor,Avalere Health,US,0 - 0,https://remoteOK.com/remote-jobs/remote-group-art-supervisor-avalere-health-1128166
Coding Bootcampï¹£Job Guaranteed,Metana,,50000 - 180000,https://remoteOK.com/remote-jobs/remote-coding-bootcamp-job-guaranteed-metana-1128165
People Business Partner HR4HR,DoorDash USA,United States,0 - 0,https://remoteOK.com/remote-jobs/remote-people-business-partner-hr4hr-doordash-usa-1128162
Senior Fullstack Engineer,Clair,Remote,100000 - 150000,https://remoteOK.com/remote-jobs/remote-senior-fullstack-engineer-clair-1128161
Software Engineer Product,GC AI,,150000 - 230000,https://remoteOK.com/remote-jobs/remote-software-engineer-product-gc-ai-1128160
Senior Analyst GTM Planning & Analytics,Drata,,0 - 0,https://remoteOK.com/remote-jobs/remote-senior-analyst-gtm-planning-analytics-drata-1128159
Senior UX Content Writer,"Eventbrite, Inc.","Remote, United States",60000 - 90000,https://remoteOK.com/remote-jobs/remote-senior-ux-content-writer-eventbrite-inc-1128158
Data Labeling Specialist,Appen,Canada,0 - 0,https://remoteOK.com/remote-jobs/remote-data-labeling-specialist-appen-1128157
Current openings,Socket,Remote,10000 - 200000,https://remoteOK.com/remote-jobs/remote-current-openings-socket-1128155
Senior SEO Analyst,Rank.ai,,30000 - 50000,https://remoteOK.com/remote-jobs/remote-senior-seo-analyst-rank-ai-1128153
Junior Social Media Specialist,ZetaChain,Remote,0 - 0,https://remoteOK.com/remote-jobs/remote-junior-social-media-specialist-zetachain-1128152
Customer Service Representative,Scale Army Careers,Cairo,900 - 1300,https://remoteOK.com/remote-jobs/remote-customer-service-representative-scale-army-careers-1128151
Enterprise Account Manager bundesweit hybrid oder mÃ¶glich,Public Cloud Group,"RitterstraÃe 12, 10969 Berlin",0 - 0,https://remoteOK.com/remote-jobs/remote-enterprise-account-manager-bundesweit-hybrid-oder-moglich-public-cloud-group-1128149
Marketing Operations Specialist Mexico,Flagright,,0 - 0,https://remoteOK.com/remote-jobs/remote-marketing-operations-specialist-mexico-flagright-1128148
Staff Backend Engineer Product,OnePay,,180000 - 260000,https://remoteOK.com/remote-jobs/remote-staff-backend-engineer-product-onepay-1128147
Current openings,Splash Financial,Remote,60000 - 120000,https://remoteOK.com/remote-jobs/remote-current-openings-splash-financial-1128146
Branch,Branch,Remote,60000 - 120000,https://remoteOK.com/remote-jobs/remote-branch-branch-1128145
Assistant Trader,Apollo,,70000 - 120000,https://remoteOK.com/remote-jobs/remote-assistant-trader-apollo-1128144
Senior Data Engineer,Blockworks,,160000 - 200000,https://remoteOK.com/remote-jobs/remote-senior-data-engineer-blockworks-1128141
Software Engineer,Tech Innovations Inc.,San Francisco,80000 - 120000,https://remoteOK.com/remote-jobs/remote-software-engineer-tech-innovations-inc-1128140
CMO,Logos,Worldwide,0 - 0,https://remoteOK.com/remote-jobs/remote-cmo-logos-1128139
Marketing Manager,Wintermute,London / Remote,0 - 0,https://remoteOK.com/remote-jobs/remote-marketing-manager-wintermute-1128138
Director Business Development FSP East Coast,Precision for Medicine,"Remote, United States",0 - 0,https://remoteOK.com/remote-jobs/remote-director-business-development-fsp-east-coast-precision-for-medicine-1128137
Account Executive,Bobtail,Anywhere,0 - 0,https://remoteOK.com/remote-jobs/remote-account-executive-bobtail-1128136
Talent Acquisition Specialist,GR8 Tech,Anywhere,50000 - 80000,https://remoteOK.com/remote-jobs/remote-talent-acquisition-specialist-gr8-tech-1128135
Growth Marketing & GTM Associate,Perennial,Remote,0 - 0,https://remoteOK.com/remote-jobs/remote-growth-marketing-amp-gtm-associate-perennial-1128134
Graphic Designer,INFUSE,Remote,0 - 0,https://remoteOK.com/remote-jobs/remote-graphic-designer-infuse-1128133
Senior Software Engineer Growth Vertical,BitGo,San Francisco,100000 - 150000,https://remoteOK.com/remote-jobs/remote-senior-software-engineer-growth-vertical-bitgo-1128132
Executive Administrator,The Valley Homes Team & REI Agent,,20000 - 30000,https://remoteOK.com/remote-jobs/remote-executive-administrator-the-valley-homes-team-rei-agent-1128129
Staff Product Manager Cash & Payments,Shakepay,"Remote, Canada",0 - 0,https://remoteOK.com/remote-jobs/remote-staff-product-manager-cash-payments-shakepay-1128128
Business Development Manager,Horizen Labs,Remote - Global,0 - 0,https://remoteOK.com/remote-jobs/remote-business-development-manager-horizen-labs-1128127
Senior Frontend Engineer Scaled React,Zeller,India,80000 - 120000,https://remoteOK.com/remote-jobs/remote-senior-frontend-engineer-scaled-react-zeller-1128125
Senior Elixir Developer,Koombea,,0 - 0,https://remoteOK.com/remote-jobs/remote-senior-elixir-developer-koombea-1128124
Sr 3D Artist ExDev,Sony Interactive Entertainment,Los Angeles,60000 - 90000,https://remoteOK.com/remote-jobs/remote-sr-3d-artist-exdev-sony-interactive-entertainment-1128123
Graduate Software Engineer,Select Labs Inc,,0 - 0,https://remoteOK.com/remote-jobs/remote-graduate-software-engineer-select-labs-inc-1128121
Software Engineer Risk,OnePay,,130000 - 160000,https://remoteOK.com/remote-jobs/remote-software-engineer-risk-onepay-1128120
CrowdGen by Appen,Appen,Remote,0 - 0,https://remoteOK.com/remote-jobs/remote-crowdgen-by-appen-appen-1128119
Senior Solidity Engineer,GenLayer Labs Corp,Spain,60000 - 120000,https://remoteOK.com/remote-jobs/remote-senior-solidity-engineer-genlayer-labs-corp-1128118
Designer Brand and Marketing,Elwood Technologies,London,0 - 0,https://remoteOK.com/remote-jobs/remote-designer-brand-and-marketing-elwood-technologies-1128117
Research Analyst,GiveWell,United States of America,0 - 0,https://remoteOK.com/remote-jobs/remote-research-analyst-givewell-1128116
Beauty Writer The Strategist,"Vox Media, LLC",Remote,0 - 0,https://remoteOK.com/remote-jobs/remote-beauty-writer-the-strategist-vox-media-llc-1128115
Senior Software Engineer Database Optimizer,Cast AI,,65000 - 140000,https://remoteOK.com/remote-jobs/remote-senior-software-engineer-database-optimizer-cast-ai-1128072
Golang Software Developer,Winnow,,110000 - 140000,https://remoteOK.com/remote-jobs/remote-golang-software-developer-winnow-1128073
Senior Software Engineer Billy Team,Cast AI,,65000 - 140000,https://remoteOK.com/remote-jobs/remote-senior-software-engineer-billy-team-cast-ai-1128074
HR Generalist,Talkiatry,Remote,20000 - 40000,https://remoteOK.com/remote-jobs/remote-hr-generalist-talkiatry-1128062
Motion Designer,Fay,NY/SF/US Remote,70000 - 100000,https://remoteOK.com/remote-jobs/remote-motion-designer-fay-1127845
Brand Web Designer Framer Expert,Perplexity AI,New York City,95000 - 157500,https://remoteOK.com/remote-jobs/remote-brand-web-designer-framer-expert-perplexity-ai-1127844
Senior Product Designer,Fetch Rewards,United States,65000 - 157500,https://remoteOK.com/remote-jobs/remote-senior-product-designer-fetch-rewards-1127843
Current openings,Runway,Remote,70000 - 165000,https://remoteOK.com/remote-jobs/remote-current-openings-runway-1127841
Senior Compliance Operations Specialist,Ethena Labs,Globally Remote,60000 - 150000,https://remoteOK.com/remote-jobs/remote-senior-compliance-operations-specialist-ethena-labs-1127839
Security Engineer,Galaxy,Remote,57500 - 120000,https://remoteOK.com/remote-jobs/remote-security-engineer-galaxy-1127837
Founding Sales & Customer Success,CoGrader,,30000 - 60000,https://remoteOK.com/remote-jobs/remote-founding-sales-customer-success-cograder-1122590
Senior Backend Engineer,Dacr,,100000 - 750000,https://remoteOK.com/remote-jobs/remote-senior-backend-engineer-dacr-1122247
Frontend + UX Designer,Vercept,,100000 - 200000,https://remoteOK.com/remote-jobs/remote-frontend-ux-designer-vercept-1119908
Product Engineer,Xolo,,70000 - 80000,https://remoteOK.com/remote-jobs/remote-product-engineer-xolo-1119036
Support Specialist and Writer,Interaction Design Foundation,,10000 - 750000,https://remoteOK.com/remote-jobs/remote-support-specialist-and-writer-interaction-design-foundation-1117685
Video Editors,HelixRecruit,,60000 - 70000,https://remoteOK.com/remote-jobs/remote-video-editors-helixrecruit-1115488
Global Operations Manager Fashion,Rosie Etienne,,80000 - 120000,https://remoteOK.com/remote-jobs/remote-global-operations-manager-fashion-rosie-etienne-1113309
Senior Full stack Developer,Lemon.io,,80000 - 190000,https://remoteOK.com/remote-jobs/remote-senior-full-stack-developer-lemon-io-1112254
Client Success Manager,Venus,,30000 - 70000,https://remoteOK.com/remote-jobs/remote-client-success-manager-venus-1109273
